<?xml version="1.0"?>
<rss xmlns:g="http://base.google.com/ns/1.0" version="2.0">
<item><id>386520-001</id><url>https://runcolors.pl/buty/junior/sunray_adjust_4_gs_ps_386520-001.html</url>
<name>Nike SUNRAY ADJUST 4 (GS/PS) 386520-001</name>
<price>103,99 zł</price>
<original_price>129,99 zł</original_price>
<manufacturer>Nike</manufacturer>
<gender>Junior</gender>
<description><br />Szybkoschnąca syntetyczna cholewka zapewnia naturalny komfort<br />Zapięcia na rzep w obszarze pięty oraz górnej części stopy ułatwiają zakładanie i zdejmowanie<br />Wykonana z pianki Phylon podeszwa środkowa z technologią wykrywania ruchu zapewnia lekkość, amortyzację i elastyczność<br />W obszarach podeszwy zewnętrznej szczególnie narażonych na zużycie zastosowano niebrudzącą gumę, która zapewnia przyczepność i trwałość<br /></description>
<image_url>https://runcolors.pl/product_picture/fit_in_1200x1200/sunray_adjust_4_gs_ps_386520-001_nike_386520-001_1.jpg</image_url>
</item>
</rss>